url,available language,word_count_to_translate,estimated_word_count_translated
https://en.wikipedia.org/wiki/Template:Brazil_men's_volleyball_squad_2000_Summer_Olympics,en,0,0
https://en.wikipedia.org/wiki/Template:Brazil_women's_volleyball_squad_2012_Summer_Olympics,en,0,0
https://en.wikipedia.org/wiki/Template:Brasil_squad_2022_FIVB_Women's_World_Championship,en,0,0
https://en.wikipedia.org/wiki/Template:Volleyball_at_the_2007_Pan_American_Games,en,0,0
https://en.wikipedia.org/wiki/Template:Brazil_men's_volleyball_squad_2016_Summer_Olympics,en,0,0
https://en.wikipedia.org/wiki/Template:Brazil_squad_2004_Volleyball_World_League,en,0,0
https://en.wikipedia.org/wiki/Template:Brazil_squad_2003_Volleyball_World_League,en,0,0
https://en.wikipedia.org/wiki/Template:Brazil_women_volleyball_team_2011_Pan_American_Games,en,0,0
https://en.wikipedia.org/wiki/Template:Brazil_men_volleyball_team_1967_Pan_American_Games,en,0,0
https://en.wikipedia.org/wiki/Template:Brazil_squad_2010_Volleyball_World_League,en,0,0
https://en.wikipedia.org/wiki/Template:Brazil_men's_volleyball_squad_1984_Summer_Olympics,en,0,0
https://en.wikipedia.org/wiki/Template:Brazil_squad_2005_Volleyball_World_League,en,0,0
https://en.wikipedia.org/wiki/Template:Brazil_squad_2009_Volleyball_World_League,en,0,0
https://en.wikipedia.org/wiki/Template:Brazil_women's_volleyball_squad_2016_Summer_Olympics,en,0,0
https://en.wikipedia.org/wiki/Template:Brasil_Squad_1994_FIVB_Women's_World_Championship,en,0,0
https://en.wikipedia.org/wiki/Template:Brazil_men_volleyball_team_2003_Pan_American_Games,en,0,0
https://en.wikipedia.org/wiki/Template:Brazil_men's_volleyball_squad_2008_Summer_Olympics,en,0,0
https://en.wikipedia.org/wiki/Template:Brazil_men's_volleyball_squad_2012_Summer_Olympics,en,0,0
https://en.wikipedia.org/wiki/Template:Brasil_Squad_2006_FIVB_Women's_World_Championship,en,0,0
https://en.wikipedia.org/wiki/Template:Brazil_men_volleyball_team_1963_Pan_American_Games,en,0,0
https://en.wikipedia.org/wiki/Template:Brazil_squad_2006_Volleyball_World_League,en,0,0
https://en.wikipedia.org/wiki/Template:Brazil_squad_2007_Volleyball_World_League,en,0,0
https://en.wikipedia.org/wiki/Template:Brazil_women_volleyball_team_2000_Olympics,en,0,0
https://en.wikipedia.org/wiki/Template:Brazil_men's_volleyball_squad_2004_Summer_Olympics,en,0,0
https://en.wikipedia.org/wiki/Template:Brazil_women's_volleyball_squad_2020_Summer_Olympics,en,0,0
https://en.wikipedia.org/wiki/Template:Brasil_squad_2014_FIVB_Women's_World_Championship,en,0,0
https://en.wikipedia.org/wiki/Template:Brazil_men's_volleyball_squad_2020_Summer_Olympics,en,0,0
https://en.wikipedia.org/wiki/Template:Brazil_men's_volleyball_squad_1992_Summer_Olympics,en,0,0
https://en.wikipedia.org/wiki/Template:Brasil_Squad_2010_FIVB_Women's_World_Championship,en,0,0
https://en.wikipedia.org/wiki/Template:Brazil_women's_volleyball_squad_2008_Summer_Olympics,en,0,0
https://en.wikipedia.org/wiki/Template:Brazil_men_volleyball_team_2007_Pan_American_Games,en,0,0
https://en.wikipedia.org/wiki/Template:Brazil_women_volleyball_team_1996_Olympics,en,0,0
https://en.wikipedia.org/wiki/Pedro_Iznaga,en,20,6
https://en.wikipedia.org/wiki/Michael_Munday_(volleyball),en,21,6
https://en.wikipedia.org/wiki/Leo_Carroll_(volleyball),en,21,6
https://en.wikipedia.org/wiki/Brett_Youngberg,en,21,6
https://en.wikipedia.org/wiki/Raydel_Corrales,en,20,6
https://en.wikipedia.org/wiki/Jorge_Sánchez_Salgado,en,20,6
https://en.wikipedia.org/wiki/Yoandri_Díaz,en,20,6
https://en.wikipedia.org/wiki/Christian_Bernier,en,21,6
https://en.wikipedia.org/wiki/Víctor_Bird,en,21,6
https://en.wikipedia.org/wiki/Luis_Rodríguez_(volleyball),en,21,6
https://en.wikipedia.org/wiki/Jeremy_Wilcox,en,21,6
https://en.wikipedia.org/wiki/Thomas_Ereu,en,22,7
https://en.wikipedia.org/wiki/Dževad_Hamzić,en,27,8
https://en.wikipedia.org/wiki/Cristine_Santanna,en,27,8
https://en.wikipedia.org/wiki/Emelda_Piata_Zessi,en,36,11
https://en.wikipedia.org/wiki/Raïssa_Nasser,en,35,11
https://en.wikipedia.org/wiki/Choaib_Belhaj_Salah,en,35,11
https://en.wikipedia.org/wiki/Mohamed_Arafet_Naceur,en,35,11
https://en.wikipedia.org/wiki/Madeleine_Bodo_Essissima,en,37,12
https://en.wikipedia.org/wiki/Arena_Santos,en,38,12
https://en.wikipedia.org/wiki/Mohamed_Badawy,en,40,13
https://en.wikipedia.org/wiki/Fawziya_Abdoulkarim,en,43,14
https://en.wikipedia.org/wiki/Isabela_Da_Silveira,en,47,15
https://en.wikipedia.org/wiki/Eva_Cruz,en,46,15
https://en.wikipedia.org/wiki/Delano_Thomas,en,46,15
https://en.wikipedia.org/wiki/Mohamed_Masoud_(volleyball),en,52,16
https://en.wikipedia.org/wiki/Adriano_Xavier,en,50,16
https://en.wikipedia.org/wiki/Ahmed_Afifi_(volleyball),en,51,16
https://en.wikipedia.org/wiki/Adriano_Garrido,en,50,16
https://en.wikipedia.org/wiki/Tainara_Santos,en,50,16
https://en.wikipedia.org/wiki/Lukas_Bergmann,en,50,16
https://en.wikipedia.org/wiki/Olaya_Pérez_Pazo,en,54,17
https://en.wikipedia.org/wiki/Norisbeth_Agudo,en,53,17
https://en.wikipedia.org/wiki/Yosvani_González,en,54,17
https://en.wikipedia.org/wiki/Andrezza_Martins,en,53,17
https://en.wikipedia.org/wiki/Lars_Flüggen,en,55,17
https://en.wikipedia.org/wiki/Jiang_Jixiu,en,54,17
https://en.wikipedia.org/wiki/Lula_Barbosa,en,58,18
https://en.wikipedia.org/wiki/Ángel_Pérez_(volleyball),en,56,18
https://en.wikipedia.org/wiki/Adnan_Manko,en,56,18
https://en.wikipedia.org/wiki/Charnette_Fair,en,56,18
https://en.wikipedia.org/wiki/Danielle_Ellis,en,56,18
https://en.wikipedia.org/wiki/Luizão_Corrêa,en,58,18
https://en.wikipedia.org/wiki/Lucas_Chávez_(volleyball),en,56,18
https://en.wikipedia.org/wiki/Jefferson_Pereira,en,58,18
https://en.wikipedia.org/wiki/Ignacio_Ramírez_(volleyball),en,60,19
https://en.wikipedia.org/wiki/Yonder_García,en,60,19
https://en.wikipedia.org/wiki/Michael_Sánchez,en,60,19
https://en.wikipedia.org/wiki/Omar_Hassan_(volleyball),en,60,19
https://en.wikipedia.org/wiki/José_Rivera_(volleyball),en,60,19
https://en.wikipedia.org/wiki/Alexis_Matías,en,64,20
https://en.wikipedia.org/wiki/Larysa_Ponomarenko,en,65,21
https://en.wikipedia.org/wiki/Paulo_Emilio_Silva,en,65,21
https://en.wikipedia.org/wiki/Liván_Osoria,en,72,23
https://en.wikipedia.org/wiki/Ismet_Godinjak,en,71,23
https://en.wikipedia.org/wiki/Laura_Tomes,en,76,24
https://en.wikipedia.org/wiki/Odelvis_Dominico,en,75,24
https://en.wikipedia.org/wiki/Cassie_Busse,en,75,24
https://en.wikipedia.org/wiki/Celso_Brum_Junior,en,76,24
https://en.wikipedia.org/wiki/Ahmed_Abdelaal_(volleyball),en,77,25
https://en.wikipedia.org/wiki/Rodrigo_Pernambuco,en,80,26
https://en.wikipedia.org/wiki/Yolande_Amana_Guigolo,en,85,27
https://en.wikipedia.org/wiki/Ginásio_Álvaro_Vieira_Lima,en,85,27
https://en.wikipedia.org/wiki/Stéphanie_Fotso_Mogoung,en,85,27
https://en.wikipedia.org/wiki/Jamie_Broder,en,83,27
https://en.wikipedia.org/wiki/Monika_Brzostek,en,83,27
https://en.wikipedia.org/wiki/Robin_Seidl,en,86,28
https://en.wikipedia.org/wiki/Konstantin_Bakun,en,86,28
https://en.wikipedia.org/wiki/Larysa_Klochkova,en,88,28
https://en.wikipedia.org/wiki/Victoire_L'or_Ngon_Ntame,en,91,29
https://en.wikipedia.org/wiki/Chantal_Beauchesne,en,90,29
https://en.wikipedia.org/wiki/Sabahudin_Delalić,en,91,29
https://en.wikipedia.org/wiki/Artem_Ermakov,en,90,29
https://en.wikipedia.org/wiki/Dmitri_Barsuk,en,89,29
https://en.wikipedia.org/wiki/Laura_Giombini,en,91,29
https://en.wikipedia.org/wiki/Henriette_Koulla,en,94,30
https://en.wikipedia.org/wiki/Olympico_Club_(Belo_Horizonte),en,94,30
https://en.wikipedia.org/wiki/Rolando_Jurquin,en,94,30
https://en.wikipedia.org/wiki/Sthéfanie_Tiele_Martins_Paulino,en,94,30
https://en.wikipedia.org/wiki/Zoila_La_Rosa,en,93,30
https://en.wikipedia.org/wiki/Killara_Mattos,en,94,30
https://en.wikipedia.org/wiki/Kinga_Wojtasik,en,97,31
https://en.wikipedia.org/wiki/Ginásio_Aecim_Tocantins,en,96,31
https://en.wikipedia.org/wiki/Christelle_Tchoudjang_Nana,en,97,31
https://en.wikipedia.org/wiki/José_Luis_González_(volleyball),en,98,31
https://en.wikipedia.org/wiki/Shara_Venegas,en,101,32
https://en.wikipedia.org/wiki/1989_Men's_South_American_Volleyball_Championship,en,100,32
https://en.wikipedia.org/wiki/1991_Men's_South_American_Volleyball_Championship,en,100,32
https://en.wikipedia.org/wiki/1995_Men's_South_American_Volleyball_Championship,en,100,32
https://en.wikipedia.org/wiki/Alex_Ranghieri,en,104,33
https://en.wikipedia.org/wiki/1958_Men's_South_American_Volleyball_Championship,en,102,33
https://en.wikipedia.org/wiki/Luiz_Zech,en,102,33
https://en.wikipedia.org/wiki/Regina_Vilela,en,102,33
https://en.wikipedia.org/wiki/Cecília_Menezes,en,104,33
https://en.wikipedia.org/wiki/1967_Men's_South_American_Volleyball_Championship,en,102,33
https://en.wikipedia.org/wiki/1983_Men's_South_American_Volleyball_Championship,en,106,34
https://en.wikipedia.org/wiki/Fernanda_Kuchenbecker,en,110,35
https://en.wikipedia.org/wiki/Erna_Brinkman,en,109,35
https://en.wikipedia.org/wiki/Ekaterina_Birlova,en,109,35
https://en.wikipedia.org/wiki/Demián_González,en,108,35
https://en.wikipedia.org/wiki/Tatiana_Alves_dos_Santos,en,110,35
https://en.wikipedia.org/wiki/Berthrade_Bikatal,en,108,35
https://en.wikipedia.org/wiki/Jorge_Terceiro,en,110,35
https://en.wikipedia.org/wiki/Eduarda_Kraisch,en,110,35
https://en.wikipedia.org/wiki/Rodman_Valera,en,112,36
https://en.wikipedia.org/wiki/Andrey_Ashchev,en,112,36
https://en.wikipedia.org/wiki/Juan_Carlos_Blanco_(volleyball),en,112,36
https://en.wikipedia.org/wiki/Floripa_Esporte_Clube,en,114,37
https://en.wikipedia.org/wiki/Enrique_Escalante,en,122,39
https://en.wikipedia.org/wiki/Pedro_Cunha_(volleyball),en,120,39
https://en.wikipedia.org/wiki/Felipe_Airton_Banderò,en,128,41
https://en.wikipedia.org/wiki/Yue_Yuan,en,131,42
https://en.wikipedia.org/wiki/Isabelle_Forrer,en,130,42
https://en.wikipedia.org/wiki/Wang_Fan_(beach_volleyball),en,131,42
https://en.wikipedia.org/wiki/Markus_Böckermann,en,133,43
https://en.wikipedia.org/wiki/Ginásio_José_Corrêa,en,134,43
https://en.wikipedia.org/wiki/Francyne_Aparecida,en,134,43
https://en.wikipedia.org/wiki/Diana_Duarte,en,136,44
https://en.wikipedia.org/wiki/Lyara_Medeiros,en,139,45
https://en.wikipedia.org/wiki/Alexander_Huber_(beach_volleyball),en,138,45
https://en.wikipedia.org/wiki/Christiaan_Varenhorst,en,141,46
https://en.wikipedia.org/wiki/Renan_Purificação,en,147,47
https://en.wikipedia.org/wiki/Ary_Graça,en,144,47
https://en.wikipedia.org/wiki/Mirzet_Duran,en,149,48
https://en.wikipedia.org/wiki/Ana_Beatriz_Silva,en,150,48
https://en.wikipedia.org/wiki/Grzegorz_Fijałek,en,150,48
https://en.wikipedia.org/wiki/Mamdouh_Abdelrehim,en,150,48
https://en.wikipedia.org/wiki/Sophie_van_Gestel,en,148,48
https://en.wikipedia.org/wiki/José_da_Costa_(volleyball),en,150,48
https://en.wikipedia.org/wiki/Alexandre_Abeid,en,153,49
https://en.wikipedia.org/wiki/Sérgio_Pinheiro,en,153,49
https://en.wikipedia.org/wiki/Ana_Paula_Mello,en,156,50
https://en.wikipedia.org/wiki/Dayse_Figueiredo,en,156,50
https://en.wikipedia.org/wiki/Raydel_Hierrezuelo,en,154,50
https://en.wikipedia.org/wiki/Rita_Teixeira,en,154,50
https://en.wikipedia.org/wiki/Simone_Storm,en,154,50
https://en.wikipedia.org/wiki/Metawa_Abouelkhir,en,155,50
https://en.wikipedia.org/wiki/Yusleinis_Herrera,en,154,50
https://en.wikipedia.org/wiki/Jorge_de_Souza_(volleyball),en,160,52
https://en.wikipedia.org/wiki/Riad_Ribeiro,en,162,52
https://en.wikipedia.org/wiki/Adrian_Carambula,en,160,52
https://en.wikipedia.org/wiki/Luis_Díaz_(volleyball),en,160,52
https://en.wikipedia.org/wiki/Javier_Jiménez_(volleyball),en,161,52
https://en.wikipedia.org/wiki/Stephanie_Enright,en,163,53
https://en.wikipedia.org/wiki/Evgenia_Ukolova,en,164,53
https://en.wikipedia.org/wiki/Piotr_Kantor,en,165,53
https://en.wikipedia.org/wiki/Goiânia_Arena,en,168,54
https://en.wikipedia.org/wiki/Pamela_Barrera,en,166,54
https://en.wikipedia.org/wiki/Jantine_van_der_Vlist,en,170,55
https://en.wikipedia.org/wiki/Hossam_Abdalla,en,169,55
https://en.wikipedia.org/wiki/Franck_Lafitte,en,169,55
https://en.wikipedia.org/wiki/Thiago_Sens,en,174,56
https://en.wikipedia.org/wiki/Osniel_Melgarejo,en,177,57
https://en.wikipedia.org/wiki/Clemens_Doppler,en,175,57
https://en.wikipedia.org/wiki/Janaína_Cunha,en,177,57
https://en.wikipedia.org/wiki/Andreia_Marras,en,180,58
https://en.wikipedia.org/wiki/Ana_Lima_(volleyball),en,178,58
https://en.wikipedia.org/wiki/Ana_Maria_Gosling,en,180,58
https://en.wikipedia.org/wiki/Mariusz_Prudel,en,181,59
https://en.wikipedia.org/wiki/Murray_Grapentine,en,183,59
https://en.wikipedia.org/wiki/Konstantin_Semenov,en,181,59
https://en.wikipedia.org/wiki/Britta_Büthe,en,185,60
https://en.wikipedia.org/wiki/Bartosz_Łosiak,en,186,60
https://en.wikipedia.org/wiki/Daniel_McDonnell,en,189,61
https://en.wikipedia.org/wiki/Lara_Nobre,en,189,61
https://en.wikipedia.org/wiki/Vanessa_Virgen,en,189,61
https://en.wikipedia.org/wiki/Filipe_Ferraz,en,192,62
https://en.wikipedia.org/wiki/FUNADEM_Montes_Claros,en,198,64
https://en.wikipedia.org/wiki/Halim_Ebo,en,202,65
https://en.wikipedia.org/wiki/Joelison_Fernandes_da_Silva,en,202,65
https://en.wikipedia.org/wiki/Paulão_Moreira,en,202,65
https://en.wikipedia.org/wiki/Javier_Concepción,en,202,65
https://en.wikipedia.org/wiki/Safet_Alibašić,en,201,65
https://en.wikipedia.org/wiki/Nicole_Laird,en,203,66
https://en.wikipedia.org/wiki/Wagner_Rocha,en,204,66
https://en.wikipedia.org/wiki/James_Polster,en,207,67
https://en.wikipedia.org/wiki/Karla_Borger,en,208,67
https://en.wikipedia.org/wiki/Oreol_Camejo,en,207,67
https://en.wikipedia.org/wiki/Adrián_Goide,en,209,68
https://en.wikipedia.org/wiki/Lindsey_Hunter_(volleyball),en,210,68
https://en.wikipedia.org/wiki/Kim_Su-ji_(volleyball),en,213,69
https://en.wikipedia.org/wiki/Ezequiel_Palacios,en,213,69
https://en.wikipedia.org/wiki/Anzhelika_Churkina,en,214,69
https://en.wikipedia.org/wiki/Carolina_Horta,en,212,69
https://en.wikipedia.org/wiki/Yadrian_Escobar_Silva,en,215,70
https://en.wikipedia.org/wiki/Cherif_Younousse,en,216,70
https://en.wikipedia.org/wiki/Morena_Franchi,en,219,71
https://en.wikipedia.org/wiki/Mário_Dunlop,en,222,72
https://en.wikipedia.org/wiki/Paulo_Sevciuc,en,222,72
https://en.wikipedia.org/wiki/Xu_Jie_(sitting_volleyball),en,225,73
https://en.wikipedia.org/wiki/Athos_Costa,en,228,74
https://en.wikipedia.org/wiki/João_Graneiro,en,231,75
https://en.wikipedia.org/wiki/Deraldo_Wanderley,en,231,75
https://en.wikipedia.org/wiki/Felipe_Roque_(volleyball),en,232,75
https://en.wikipedia.org/wiki/Paulo_Roese,en,231,75
https://en.wikipedia.org/wiki/Fernanda_Silva,en,231,75
https://en.wikipedia.org/wiki/Paulo_Peterle,en,231,75
https://en.wikipedia.org/wiki/Décio_Cattaruzzi,en,231,75
https://en.wikipedia.org/wiki/Jorge_Delano,en,231,75
https://en.wikipedia.org/wiki/Sérgio_Danilas,en,231,75
https://en.wikipedia.org/wiki/Gerson_Schuch,en,232,75
https://en.wikipedia.org/wiki/Mário_Procopio,en,231,75
https://en.wikipedia.org/wiki/Ana_Cláudia_Ramos,en,234,76
https://en.wikipedia.org/wiki/Denise_Mattioli,en,237,77
https://en.wikipedia.org/wiki/Luiza_Machado,en,237,77
https://en.wikipedia.org/wiki/Sara_Joya,en,240,78
https://en.wikipedia.org/wiki/Template:Brazil_men's_volleyball_squad_2018_World_Championship,en,239,78
https://en.wikipedia.org/wiki/Leonídio_de_Pra,en,240,78
https://en.wikipedia.org/wiki/Ahmed_Kotb,en,241,78
https://en.wikipedia.org/wiki/Elói_de_Oliveira,en,240,78
https://en.wikipedia.org/wiki/Benjamin_Insfran,en,243,79
https://en.wikipedia.org/wiki/Ashraf_Abouelhassan,en,242,79
https://en.wikipedia.org/wiki/Eliana_Aleixo,en,243,79
https://en.wikipedia.org/wiki/Debora_Seilhamer,en,245,79
https://en.wikipedia.org/wiki/Dora_Castanheira,en,243,79
https://en.wikipedia.org/wiki/Pablo_Herrera_(beach_volleyball),en,246,80
https://en.wikipedia.org/wiki/Mônica_da_Silva_(volleyball),en,246,80
https://en.wikipedia.org/wiki/Sergio_González_(beach_volleyball),en,247,80
https://en.wikipedia.org/wiki/Luciana_Nascimento,en,250,81
https://en.wikipedia.org/wiki/Nivaldo_Díaz,en,250,81
https://en.wikipedia.org/wiki/Estefania_Souza,en,252,82
https://en.wikipedia.org/wiki/Fábio_Marcelino,en,255,83
https://en.wikipedia.org/wiki/Simone_Buti,en,255,83
https://en.wikipedia.org/wiki/Henrique_Honorato,en,255,83
https://en.wikipedia.org/wiki/Mayany_de_Souza,en,258,84
https://en.wikipedia.org/wiki/Hamilton_de_Oliveira,en,261,85
https://en.wikipedia.org/wiki/Carolina_Azedo,en,264,86
https://en.wikipedia.org/wiki/Laetitia_Moma_Bassoko,en,267,87
https://en.wikipedia.org/wiki/Carlos_Schwanke,en,267,87
https://en.wikipedia.org/wiki/Ana_Lúcia_Barros,en,272,88
https://en.wikipedia.org/wiki/Asim_Medić,en,272,88
https://en.wikipedia.org/wiki/José_Marcelino,en,279,91
https://en.wikipedia.org/wiki/Gastón_Giani,en,280,91
https://en.wikipedia.org/wiki/Daria_Malygina,en,284,92
https://en.wikipedia.org/wiki/Lorenne_Teixeira,en,284,92
https://en.wikipedia.org/wiki/Guilherme_Marques,en,290,94
https://en.wikipedia.org/wiki/Rafael_Redwitz,en,292,95
https://en.wikipedia.org/wiki/Rogério_Ferreira,en,292,95
https://en.wikipedia.org/wiki/Patrícia_Cocco,en,294,95
https://en.wikipedia.org/wiki/Talmo_Oliveira,en,297,96
https://en.wikipedia.org/wiki/Igor_Kobzar,en,295,96
https://en.wikipedia.org/wiki/Darien_Ferrer,en,297,96
https://en.wikipedia.org/wiki/Tiago_Brendle,en,300,97
https://en.wikipedia.org/wiki/Marina_Daloca,en,298,97
https://en.wikipedia.org/wiki/Robert_Meeuwsen,en,303,98
https://en.wikipedia.org/wiki/Kátia_Lopes,en,304,99
https://en.wikipedia.org/wiki/Angélica_Malinverno,en,304,99
https://en.wikipedia.org/wiki/Aderval_Arvani,en,308,100
https://en.wikipedia.org/wiki/Eliani_da_Costa,en,312,101
https://en.wikipedia.org/wiki/Lin_Li_(volleyball),en,313,102
https://en.wikipedia.org/wiki/Cássio_Pereira,en,321,104
https://en.wikipedia.org/wiki/Renata_Ribeiro,en,324,105
https://en.wikipedia.org/wiki/Nađa_Ninković,en,322,105
https://en.wikipedia.org/wiki/Kerly_Santos,en,324,105
https://en.wikipedia.org/wiki/Cristina_Lopes_(volleyball),en,324,105
https://en.wikipedia.org/wiki/Fernando_Morales_(volleyball),en,330,107
https://en.wikipedia.org/wiki/Víctor_Rivera_(volleyball),en,329,107
https://en.wikipedia.org/wiki/Ana_Paula_Alves,en,330,107
https://en.wikipedia.org/wiki/Pierre_Pujol,en,331,108
https://en.wikipedia.org/wiki/Alexander_Brouwer,en,333,108
https://en.wikipedia.org/wiki/Ivonete_das_Neves,en,336,109
https://en.wikipedia.org/wiki/Roberto_Lopes_da_Costa,en,336,109
https://en.wikipedia.org/wiki/Gina_del_Rosario,en,336,109
https://en.wikipedia.org/wiki/Adrián_Gavira,en,352,114
https://en.wikipedia.org/wiki/Associação_Desportiva_Brusque,en,356,116
https://en.wikipedia.org/wiki/Camila_Leiria,en,356,116
https://en.wikipedia.org/wiki/Andrea_Moraes,en,356,116
https://en.wikipedia.org/wiki/Mohamed_Al_Hachdadi,en,371,121
https://en.wikipedia.org/wiki/Carlos_Tejeda,en,371,121
https://en.wikipedia.org/wiki/Otávio_Pinto,en,372,121
https://en.wikipedia.org/wiki/Gizele_Maria_da_Costa_Dias,en,375,122
https://en.wikipedia.org/wiki/Wallace_Martins,en,376,122
https://en.wikipedia.org/wiki/Nilson_Nelson_Gymnasium,en,377,123
https://en.wikipedia.org/wiki/Doaa_Elghobashy,en,378,123
https://en.wikipedia.org/wiki/Kenia_Moreta,en,377,123
https://en.wikipedia.org/wiki/João_Jens,en,380,124
https://en.wikipedia.org/wiki/Kelly_Fraga,en,380,124
https://en.wikipedia.org/wiki/Marco_Antônio_Volpi,en,384,125
https://en.wikipedia.org/wiki/Matías_Sánchez_(volleyball),en,387,126
https://en.wikipedia.org/wiki/Yurie_Nabeya,en,387,126
https://en.wikipedia.org/wiki/Heloísa_Roese,en,388,126
https://en.wikipedia.org/wiki/Nick_Lucena,en,398,129
https://en.wikipedia.org/wiki/Décio_de_Azevedo,en,396,129
https://en.wikipedia.org/wiki/Badalhoca,en,404,131
https://en.wikipedia.org/wiki/Guilherme_Rech,en,402,131
https://en.wikipedia.org/wiki/Sonia_Benedito,en,404,131
https://en.wikipedia.org/wiki/Rafael_Araújo_(volleyball),en,404,131
https://en.wikipedia.org/wiki/Fernando_Ávila,en,405,132
https://en.wikipedia.org/wiki/Lenice_Oliveira,en,405,132
https://en.wikipedia.org/wiki/Novica_Bjelica,en,409,133
https://en.wikipedia.org/wiki/Lee_Hyo-hee,en,413,134
https://en.wikipedia.org/wiki/Daniele_Lupo,en,413,134
https://en.wikipedia.org/wiki/Carlos_Eduardo_Albano_Feitosa,en,414,135
https://en.wikipedia.org/wiki/Alexandra_Oquendo,en,418,136
https://en.wikipedia.org/wiki/Ana_Luísa_Aparecida,en,420,137
https://en.wikipedia.org/wiki/Katia_Rodrigues,en,420,137
https://en.wikipedia.org/wiki/Rui_Nascimento,en,420,137
https://en.wikipedia.org/wiki/Casey_Patterson_(beach_volleyball),en,425,138
https://en.wikipedia.org/wiki/Sofía_Mercedes,en,424,138
https://en.wikipedia.org/wiki/Joana_Heidrich,en,425,138
https://en.wikipedia.org/wiki/Victor_Barcellos_Borges,en,430,140
https://en.wikipedia.org/wiki/Neneca_(volleyball),en,432,141
https://en.wikipedia.org/wiki/Rebecca_Cavalcante,en,432,141
https://en.wikipedia.org/wiki/Pavel_Pimienta,en,440,143
https://en.wikipedia.org/wiki/Andressa_Picussa,en,440,143
https://en.wikipedia.org/wiki/Justin_Duff,en,442,144
https://en.wikipedia.org/wiki/Henrique_Randow,en,446,145
https://en.wikipedia.org/wiki/Priscila_Oliveira,en,448,146
https://en.wikipedia.org/wiki/Barbora_Hermannová,en,448,146
https://en.wikipedia.org/wiki/Madelein_Meppelink,en,452,147
https://en.wikipedia.org/wiki/Ginásio_Poliesportivo_Wlamir_Marques,en,452,147
https://en.wikipedia.org/wiki/Markéta_Sluková,en,452,147
https://en.wikipedia.org/wiki/Alessia_Gennari,en,456,148
https://en.wikipedia.org/wiki/João_Paulo_Tavares,en,471,153
https://en.wikipedia.org/wiki/Hwang_Youn-joo,en,471,153
https://en.wikipedia.org/wiki/Alexandre_Kalache_(volleyball),en,471,153
https://en.wikipedia.org/wiki/Nam_Jie-youn,en,471,153
https://en.wikipedia.org/wiki/Jan_Martínez_Franchi,en,474,154
https://en.wikipedia.org/wiki/Elisângela_Paulino,en,480,156
https://en.wikipedia.org/wiki/Letícia_Hage,en,480,156
https://en.wikipedia.org/wiki/Ben_Saxton,en,478,156
https://en.wikipedia.org/wiki/Francynne_Jacintho,en,482,157
https://en.wikipedia.org/wiki/Rosalín_Ángeles,en,481,157
https://en.wikipedia.org/wiki/José_Ramalho_(volleyball),en,489,159
https://en.wikipedia.org/wiki/Emanuel_Newdon,en,489,159
https://en.wikipedia.org/wiki/Regina_Uchoa,en,492,160
https://en.wikipedia.org/wiki/Harley_Marques_Silva,en,494,161
https://en.wikipedia.org/wiki/Dustin_Watten,en,495,161
https://en.wikipedia.org/wiki/Natasha_Farinea,en,500,163
https://en.wikipedia.org/wiki/Josefina_Fernández,en,502,163
https://en.wikipedia.org/wiki/Aderlandi_Silva,en,501,163
https://en.wikipedia.org/wiki/Bae_Yoo-na,en,508,165
https://en.wikipedia.org/wiki/Template:Brazil-volleyball-bio-stub,en,510,166
https://en.wikipedia.org/wiki/Renato_Gomes,en,514,167
https://en.wikipedia.org/wiki/João_Cláudio_França,en,516,168
https://en.wikipedia.org/wiki/Viacheslav_Krasilnikov,en,520,169
https://en.wikipedia.org/wiki/Katelyn_Wright,en,519,169
https://en.wikipedia.org/wiki/Jānis_Šmēdiņš,en,520,169
https://en.wikipedia.org/wiki/Kim_Hae-ran,en,529,172
https://en.wikipedia.org/wiki/1991_FIVB_Volleyball_Men's_Club_World_Championship,en,528,172
https://en.wikipedia.org/wiki/Paolo_Nicolai,en,527,172
https://en.wikipedia.org/wiki/Carlos_Eduardo_Silva,en,538,175
https://es.wikipedia.org/wiki/Pedro_Rangel,es,58,177
https://en.wikipedia.org/wiki/Anouk_Vergé-Dépré,en,544,177
https://en.wikipedia.org/wiki/Elena_Ezhova,en,547,178
https://en.wikipedia.org/wiki/Iván_Contreras,en,549,179
https://en.wikipedia.org/wiki/Ana_Paula_de_Tassis,en,554,180
https://en.wikipedia.org/wiki/Michelle_Pavão,en,554,180
https://en.wikipedia.org/wiki/Juiz_de_Fora_Vôlei,en,552,180
https://en.wikipedia.org/wiki/Felipe_Lourenço_da_Silva,en,555,181
https://en.wikipedia.org/wiki/Sylvia_Roll,en,557,181
https://en.wikipedia.org/wiki/Jolan_Wong,en,559,182
https://en.wikipedia.org/wiki/Nizam_Čančar,en,566,184
https://en.wikipedia.org/wiki/Alessandra_Fratoni,en,567,185
https://es.wikipedia.org/wiki/Andréa_Teixeira,es,61,186
https://en.wikipedia.org/wiki/Reinder_Nummerdor,en,572,186
https://en.wikipedia.org/wiki/Darlan_Souza,en,572,186
https://en.wikipedia.org/wiki/Kristina_May,en,574,187
https://en.wikipedia.org/wiki/Egor_Kliuka,en,596,194
https://en.wikipedia.org/wiki/Florencia_Busquets,en,599,195
https://en.wikipedia.org/wiki/Sanja_Malagurski,en,607,198
https://en.wikipedia.org/wiki/Dallas_Soonias,en,611,199
https://en.wikipedia.org/wiki/Cláudia_da_Silva,en,612,199
https://en.wikipedia.org/wiki/Mara_Ferreira_Leão,en,614,200
https://en.wikipedia.org/wiki/Aleksandra_Uzelac,en,618,201
https://en.wikipedia.org/wiki/Kristin_Hildebrand,en,627,204
https://en.wikipedia.org/wiki/Nadine_Zumkehr,en,625,204
https://en.wikipedia.org/wiki/Chaïne_Staelens,en,625,204
https://en.wikipedia.org/wiki/Maique_Nascimento,en,625,204
https://en.wikipedia.org/wiki/Matheus_Santos_(volleyball),en,628,205
https://en.wikipedia.org/wiki/Adria_Silva,en,633,206
https://en.wikipedia.org/wiki/Gisele_Florentino,en,636,207
https://en.wikipedia.org/wiki/Paulo_Silva_(volleyball),en,636,207
https://en.wikipedia.org/wiki/Gilson_Bernardo,en,645,210
https://en.wikipedia.org/wiki/Vanessa_Lima_Vidal,en,646,210
https://en.wikipedia.org/wiki/Nicolas_Le_Goff,en,645,210
https://en.wikipedia.org/wiki/Aleksandrs_Samoilovs,en,649,211
https://en.wikipedia.org/wiki/Anna_Danesi,en,647,211
https://en.wikipedia.org/wiki/Yvon_Beliën,en,651,212
https://en.wikipedia.org/wiki/Leticia_Boscacci,en,652,212
https://en.wikipedia.org/wiki/Martha_Revuelta,en,651,212
https://en.wikipedia.org/wiki/George_Wanderley,en,658,214
https://en.wikipedia.org/wiki/Arlene_Xavier,en,660,215
https://en.wikipedia.org/wiki/Elsa_Baquerizo,en,660,215
https://en.wikipedia.org/wiki/Monique_Pavão,en,660,215
https://en.wikipedia.org/wiki/Paula_Herts,en,666,217
https://en.wikipedia.org/wiki/Brooke_Sweat,en,667,217
https://en.wikipedia.org/wiki/Alessia_Orro,en,668,218
https://en.wikipedia.org/wiki/Edwarda_Dias,en,668,218
https://en.wikipedia.org/wiki/Vilmarie_Mojica,en,670,218
https://en.wikipedia.org/wiki/Tanya_Acosta,en,674,220
https://en.wikipedia.org/wiki/Jennifer_Oakes_(volleyball),en,675,220
https://en.wikipedia.org/wiki/2000_Volleyball_America's_Cup,en,679,221
https://en.wikipedia.org/wiki/Eva_Chantava,en,677,221
https://en.wikipedia.org/wiki/Paul_Duerden,en,677,221
https://en.wikipedia.org/wiki/Samuel_Córdova,en,681,222
https://en.wikipedia.org/wiki/Tomás_Aguilera,en,682,222
https://en.wikipedia.org/wiki/Jorge_Quiñones_(volleyball),en,682,222
https://en.wikipedia.org/wiki/Fernanda_Doval,en,680,222
https://en.wikipedia.org/wiki/Néstor_Orellana,en,683,222
https://en.wikipedia.org/wiki/Elitsa_Vasileva,en,686,223
https://en.wikipedia.org/wiki/Montes_Claros_Vôlei,en,690,225
https://en.wikipedia.org/wiki/Max_Pereira,en,696,227
https://en.wikipedia.org/wiki/Yonkaira_Peña,en,702,229
https://en.wikipedia.org/wiki/Mehdi_Marandi,en,725,236
https://en.wikipedia.org/wiki/Liliana_Fernández,en,744,242
https://en.wikipedia.org/wiki/Sitting_volleyball_at_the_2016_Summer_Paralympics_–_Men,en,747,243
https://en.wikipedia.org/wiki/Heidi_Peters,en,750,244
https://en.wikipedia.org/wiki/Oleg_Antonov_(volleyball),en,759,247
https://es.wikipedia.org/wiki/Yuan_Xinyue,es,81,248
https://en.wikipedia.org/wiki/Marco_Aurélio_Motta,en,764,249
https://en.wikipedia.org/wiki/Brie_O'Reilly,en,773,252
https://en.wikipedia.org/wiki/Grêmio_Recreativo_e_Esportivo_Reunidas_(women's_volleyball),en,776,253
https://en.wikipedia.org/wiki/2011_Men's_South_American_Volleyball_Club_Championship,en,777,253
https://en.wikipedia.org/wiki/Marcus_Vinícius_Freire,en,777,253
https://en.wikipedia.org/wiki/Franco_Neto,en,789,257
https://en.wikipedia.org/wiki/Javier_Weber,en,796,259
https://en.wikipedia.org/wiki/Sitting_volleyball_at_the_2016_Summer_Paralympics_–_Women,en,798,260
https://en.wikipedia.org/wiki/Eshrat_Kordestani,en,800,261
https://en.wikipedia.org/wiki/Associação_Desportiva_RJX,en,801,261
https://en.wikipedia.org/wiki/Gavin_Schmitt,en,802,261
https://en.wikipedia.org/wiki/São_Caetano_Esporte_Clube,en,812,265
https://en.wikipedia.org/wiki/Bárbara_Bruch,en,816,266
https://en.wikipedia.org/wiki/Suelen_Pinto,en,816,266
https://en.wikipedia.org/wiki/Cristina_Pîrv,en,826,269
https://en.wikipedia.org/wiki/Grêmio_Recreativo_e_Esportivo_Reunidas_(men's_volleyball),en,826,269
https://en.wikipedia.org/wiki/Saraelen_Lima,en,834,272
https://en.wikipedia.org/wiki/Nia_Reed,en,838,273
https://en.wikipedia.org/wiki/Juliana_Nogueira,en,843,275
https://en.wikipedia.org/wiki/Janelson_Carvalho,en,860,280
https://en.wikipedia.org/wiki/Andréia_Laurence,en,860,280
https://en.wikipedia.org/wiki/Nancy_Carrillo,en,862,281
https://en.wikipedia.org/wiki/Mário_da_Silva_Pedreira_Júnior,en,862,281
https://en.wikipedia.org/wiki/Kaleo_Kanahele_Maclay,en,867,283
https://en.wikipedia.org/wiki/Xandó,en,876,286
https://en.wikipedia.org/wiki/Tia_Edwards,en,876,286
https://en.wikipedia.org/wiki/2016_FIVB_Beach_Volleyball_World_Continental_Cup,en,878,286
https://en.wikipedia.org/wiki/Kari_Miller,en,880,287
https://en.wikipedia.org/wiki/Gabriella_Souza,en,893,291
https://en.wikipedia.org/wiki/Marcelle_Moraes,en,892,291
https://en.wikipedia.org/wiki/Ernardo_Gómez,en,912,297
https://en.wikipedia.org/wiki/Juan_Virgen,en,917,299
https://en.wikipedia.org/wiki/Esporte_Clube_União_Suzano,en,918,299
https://en.wikipedia.org/wiki/Yael_Castiglione,en,918,299
https://en.wikipedia.org/wiki/2005_Volleyball_America's_Cup,en,920,300
https://en.wikipedia.org/wiki/Julieta_Lazcano,en,924,301
https://en.wikipedia.org/wiki/Daniel_Lewis_(volleyball),en,928,302
https://en.wikipedia.org/wiki/Gabriela_Candido_da_Silva,en,928,302
https://en.wikipedia.org/wiki/Fabiana_Berto,en,940,306
https://en.wikipedia.org/wiki/Felicia_Voss-Shafiq,en,938,306
https://en.wikipedia.org/wiki/Sasha_Meneghel,en,938,306
https://en.wikipedia.org/wiki/Théo_Lopes,en,939,306
https://en.wikipedia.org/wiki/Sérgio_Nogueira,en,942,307
https://en.wikipedia.org/wiki/Haruka_Miyashita,en,946,308
https://en.wikipedia.org/wiki/Nadia_Centoni,en,946,308
https://en.wikipedia.org/wiki/Ángel_Dennis,en,957,312
https://en.wikipedia.org/wiki/Lombardo_Ontiveros,en,967,315
https://en.wikipedia.org/wiki/2011_Women's_South_American_Volleyball_Club_Championship,en,966,315
https://en.wikipedia.org/wiki/Marcos_Kwiek,en,970,316
https://es.wikipedia.org/wiki/Luana_Rebechy,es,104,318
https://en.wikipedia.org/wiki/João_Rafael_Ferreira,en,978,319
https://en.wikipedia.org/wiki/Domingos_Maracanã,en,978,319
https://en.wikipedia.org/wiki/Shahram_Mahmoudi,en,983,320
https://en.wikipedia.org/wiki/Sandra_Suruagy,en,987,322
https://en.wikipedia.org/wiki/Liana_Mesa,en,991,323
https://en.wikipedia.org/wiki/Robinson_Dvoranen,en,992,323
https://en.wikipedia.org/wiki/Edna_Veiga,en,994,324
https://en.wikipedia.org/wiki/Raphael_Margarido,en,1017,332
https://en.wikipedia.org/wiki/William_Silva_(volleyball),en,1023,333
https://en.wikipedia.org/wiki/Jorge_Barajas,en,1035,337
https://en.wikipedia.org/wiki/Milka_Silva,en,1042,340
https://en.wikipedia.org/wiki/Irina_Koroleva,en,1043,340
https://en.wikipedia.org/wiki/2007_Volleyball_America's_Cup,en,1047,341
https://en.wikipedia.org/wiki/Emilce_Sosa,en,1058,345
https://en.wikipedia.org/wiki/2012_Women's_South_American_Volleyball_Club_Championship,en,1062,346
https://en.wikipedia.org/wiki/Mackenzie_Esporte_Clube,en,1064,347
https://en.wikipedia.org/wiki/Ana_Beatriz_Francisco_das_Chagas,en,1072,349
https://en.wikipedia.org/wiki/Robin_de_Kruijf,en,1083,353
https://en.wikipedia.org/wiki/Caterina_Bosetti,en,1090,355
https://en.wikipedia.org/wiki/Dariam_Acevedo,en,1096,357
https://en.wikipedia.org/wiki/Antônio_Gouveia,en,1104,360
https://en.wikipedia.org/wiki/Nyeme_Costa,en,1104,360
https://en.wikipedia.org/wiki/Nicky_Nieves,en,1107,361
https://en.wikipedia.org/wiki/Antônio_Carlos_Moreno,en,1113,363
https://es.wikipedia.org/wiki/Zhu_Ting,es,119,364
https://en.wikipedia.org/wiki/Bartosz_Bednorz,en,1115,364
https://en.wikipedia.org/wiki/Trévor_Clévenot,en,1116,364
https://en.wikipedia.org/wiki/Jay_Blankenau,en,1124,366
https://en.wikipedia.org/wiki/Juma_da_Silva,en,1122,366
https://en.wikipedia.org/wiki/Marcos_Milinkovic,en,1132,369
https://en.wikipedia.org/wiki/Luiza_Guisso_Fiorese,en,1140,372
https://en.wikipedia.org/wiki/Rodrigo_Leão_(volleyball),en,1142,372
https://en.wikipedia.org/wiki/2008_Volleyball_America's_Cup,en,1149,375
https://en.wikipedia.org/wiki/Carmen_Rosa_Caso,en,1160,378
https://en.wikipedia.org/wiki/Marlon_Muraguti_Yared,en,1160,378
https://en.wikipedia.org/wiki/Associação_Vôlei_Bauru,en,1164,380
https://en.wikipedia.org/wiki/2008_Final_Four_Women's_Volleyball_Cup,en,1164,380
https://en.wikipedia.org/wiki/Salonpas_Cup,en,1183,386
https://en.wikipedia.org/wiki/Marleen_van_Iersel,en,1187,387
https://en.wikipedia.org/wiki/Douglas_Chiarotti,en,1192,389
https://en.wikipedia.org/wiki/Laura_Dijkema,en,1193,389
https://en.wikipedia.org/wiki/Susanne_Lahme,en,1215,396
https://en.wikipedia.org/wiki/David_McKienzie,en,1223,399
https://en.wikipedia.org/wiki/Daniel_Jansen_Van_Doorn,en,1227,400
https://en.wikipedia.org/wiki/Gilmar_Teixeira,en,1228,400
https://en.wikipedia.org/wiki/André_Stein,en,1230,401
https://en.wikipedia.org/wiki/Ana_Flávia_Sanglard,en,1239,404
https://en.wikipedia.org/wiki/2024_FIVB_Volleyball_Men's_Club_World_Championship,en,1240,404
https://en.wikipedia.org/wiki/Yuki_Ishii,en,1239,404
https://en.wikipedia.org/wiki/Marko_Ivović,en,1246,406
https://en.wikipedia.org/wiki/Nicolás_Uriarte,en,1254,409
https://en.wikipedia.org/wiki/Ceren_Kapucu,en,1261,411
https://en.wikipedia.org/wiki/Ana_Bjelica,en,1262,412
https://en.wikipedia.org/wiki/Chaim_Schalk,en,1268,413
https://en.wikipedia.org/wiki/Ângela_Moraes,en,1275,416
https://en.wikipedia.org/wiki/Bruna_da_Silva,en,1275,416
https://en.wikipedia.org/wiki/Monique_Burkland,en,1294,422
https://en.wikipedia.org/wiki/Martina_Guiggi,en,1304,425
https://en.wikipedia.org/wiki/Nicolas_Maréchal,en,1304,425
https://en.wikipedia.org/wiki/Danielle_Cuttino,en,1309,427
https://en.wikipedia.org/wiki/Anna_Podkopaeva,en,1308,427
https://en.wikipedia.org/wiki/Kevin_Hansen_(volleyball),en,1311,428
https://en.wikipedia.org/wiki/Miguel_Ángel_López_(volleyball),en,1322,431
https://en.wikipedia.org/wiki/Steven_Marshall_(volleyball),en,1338,436
https://en.wikipedia.org/wiki/Drussyla_Costa,en,1342,438
https://en.wikipedia.org/wiki/Judith_Pietersen,en,1346,439
https://en.wikipedia.org/wiki/Yanelis_Santos,en,1349,440
https://en.wikipedia.org/wiki/José_Montanaro,en,1365,445
https://en.wikipedia.org/wiki/Cilene_Rocha,en,1372,447
https://en.wikipedia.org/wiki/Thiago_Veloso,en,1372,447
https://en.wikipedia.org/wiki/Cristina_Chirichella,en,1386,452
https://en.wikipedia.org/wiki/Blair_Bann,en,1401,457
https://en.wikipedia.org/wiki/Heather_Erickson,en,1405,458
https://en.wikipedia.org/wiki/Lora_Webster,en,1405,458
https://en.wikipedia.org/wiki/Carlos_Guerra,en,1416,462
https://en.wikipedia.org/wiki/Fernanda_Alves,en,1420,463
https://en.wikipedia.org/wiki/Gregory_Berríos,en,1424,464
https://en.wikipedia.org/wiki/Maret_Grothues,en,1431,467
https://es.wikipedia.org/wiki/Campeonato_Sudamericano_de_Voleibol_Masculino_Sub-17_de_2023,es,153,468
https://en.wikipedia.org/wiki/2016_Men's_South_American_Volleyball_Club_Championship,en,1441,470
https://en.wikipedia.org/wiki/Samara_Almeida,en,1440,470
https://en.wikipedia.org/wiki/Park_Jeong-ah_(volleyball),en,1460,476
https://en.wikipedia.org/wiki/Jesús_Alberto_Perales,en,1467,478
https://es.wikipedia.org/wiki/Manius_Abbadi,es,157,480
https://en.wikipedia.org/wiki/Heather_Bansley,en,1474,481
https://en.wikipedia.org/wiki/Mojtaba_Mirzajanpour,en,1487,485
https://en.wikipedia.org/wiki/Esporte_Clube_Pinheiros_(women's_volleyball),en,1504,491
https://en.wikipedia.org/wiki/João_Paulo_Bravo,en,1516,494
https://en.wikipedia.org/wiki/Amanda_Francisco,en,1524,497
https://en.wikipedia.org/wiki/Marcelo_Fronckowiak,en,1540,502
https://en.wikipedia.org/wiki/Luciane_Escouto,en,1546,504
https://en.wikipedia.org/wiki/Grzegorz_Łomacz,en,1550,506
https://en.wikipedia.org/wiki/Celeste_Plak,en,1554,507
https://en.wikipedia.org/wiki/Josh_Binstock,en,1560,509
https://en.wikipedia.org/wiki/Polina_Rahimova,en,1572,513
https://en.wikipedia.org/wiki/Zoila_Barros,en,1578,515
https://en.wikipedia.org/wiki/Janina_Conceição,en,1588,518
https://en.wikipedia.org/wiki/Samuel_Fuchs,en,1588,518
https://es.wikipedia.org/wiki/Alexandre_Sloboda,es,170,520
https://en.wikipedia.org/wiki/Laiana_Batista,en,1602,523
https://en.wikipedia.org/wiki/Natália_Araújo,en,1629,531
https://en.wikipedia.org/wiki/Isac_Santos,en,1628,531
https://en.wikipedia.org/wiki/Bethany_Zummo,en,1634,533
https://en.wikipedia.org/wiki/Kévin_Le_Roux,en,1642,536
https://en.wikipedia.org/wiki/Murilo_Radke,en,1644,536
https://en.wikipedia.org/wiki/Nikita_Lyamin,en,1647,537
https://en.wikipedia.org/wiki/Grêmio_Recreativo_Barueri_(women's_volleyball),en,1651,539
https://en.wikipedia.org/wiki/Mayhara_Silva,en,1658,541
https://en.wikipedia.org/wiki/Liu_Xiaotong,en,1663,542
https://en.wikipedia.org/wiki/Valentina_Diouf,en,1669,544
https://en.wikipedia.org/wiki/Amauri_Ribeiro,en,1670,545
https://en.wikipedia.org/wiki/José_Martínez_(volleyball),en,1678,547
https://en.wikipedia.org/wiki/Dobriana_Rabadžieva,en,1681,548
https://en.wikipedia.org/wiki/Mehdi_Mahdavi,en,1696,553
https://en.wikipedia.org/wiki/Lauren_Fendrick,en,1695,553
https://en.wikipedia.org/wiki/Renan_Buiatti,en,1696,553
https://en.wikipedia.org/wiki/Vera_Mossa,en,1695,553
https://en.wikipedia.org/wiki/Gong_Xiangyu,en,1697,554
https://en.wikipedia.org/wiki/Suelle_Oliveira,en,1716,560
https://en.wikipedia.org/wiki/Nichole_Millage,en,1723,562
https://en.wikipedia.org/wiki/Priscila_Daroit,en,1726,563
https://en.wikipedia.org/wiki/Farhad_Ghaemi,en,1744,569
https://en.wikipedia.org/wiki/Dawid_Konarski,en,1749,571
https://en.wikipedia.org/wiki/Mateusz_Mika,en,1754,572
https://en.wikipedia.org/wiki/Karina_Ocasio,en,1756,573
https://en.wikipedia.org/wiki/Alexis_Shifflett,en,1763,575
https://en.wikipedia.org/wiki/Sarah_Wilhite_Parsons,en,1804,588
https://en.wikipedia.org/wiki/Karsta_Lowe,en,1809,590
https://en.wikipedia.org/wiki/Vôlei_Natal,en,1822,594
https://en.wikipedia.org/wiki/Destinee_Hooker,en,1828,596
https://en.wikipedia.org/wiki/2009_Men's_South_American_Volleyball_Club_Championship,en,1840,600
https://en.wikipedia.org/wiki/2017_Women's_South_American_Volleyball_Club_Championship,en,1849,603
https://en.wikipedia.org/wiki/Alexander_Horst,en,1848,603
https://en.wikipedia.org/wiki/Serena_Ortolani,en,1862,607
https://es.wikipedia.org/wiki/Fernanda_Tomé,es,200,612
https://en.wikipedia.org/wiki/Sam_Schachter,en,1891,617
https://es.wikipedia.org/wiki/Anexo:Vóley_playa_en_los_Juegos_Olímpicos_de_Río_de_Janeiro_2016_(clasificación),es,203,621
https://en.wikipedia.org/wiki/Cindy_Rondón,en,1909,623
https://en.wikipedia.org/wiki/Nicholas_Hoag,en,1914,624
https://es.wikipedia.org/wiki/Campeonato_Sudamericano_de_Voleibol_Femenino_de_1958,es,205,627
https://en.wikipedia.org/wiki/Victor_Cardoso,en,1922,627
https://en.wikipedia.org/wiki/Márcia_Fu,en,1926,628
https://en.wikipedia.org/wiki/Mateusz_Bieniek,en,1934,631
https://en.wikipedia.org/wiki/Sidarka_Núñez,en,1956,638
https://en.wikipedia.org/wiki/Ricarda_Lima,en,1962,640
https://en.wikipedia.org/wiki/Irina_Fetisova_(volleyball),en,1964,641
https://en.wikipedia.org/wiki/Rafał_Buszek,en,2008,655
https://en.wikipedia.org/wiki/Morteza_Mehrzad,en,2014,657
https://en.wikipedia.org/wiki/2011_Men's_South_American_Volleyball_Championship,en,2016,658
https://en.wikipedia.org/wiki/Mariafe_Artacho_del_Solar,en,2017,658
https://en.wikipedia.org/wiki/Russell_Holmes_(volleyball),en,2028,662
https://en.wikipedia.org/wiki/Miyu_Nagaoka,en,2081,679
https://en.wikipedia.org/wiki/Adel_Gholami,en,2103,686
https://en.wikipedia.org/wiki/Kenia_Carcaces,en,2106,687
https://en.wikipedia.org/wiki/Daniel_Castellani,en,2111,689
https://en.wikipedia.org/wiki/Ekaterina_Pankova,en,2115,690
https://en.wikipedia.org/wiki/Flávio_Gualberto,en,2120,692
https://en.wikipedia.org/wiki/Macris_Carneiro,en,2132,696
https://en.wikipedia.org/wiki/Ana_Cristina_de_Souza,en,2175,710
https://en.wikipedia.org/wiki/Cosiri_Rodríguez,en,2186,713
https://en.wikipedia.org/wiki/Leyla_Chihuán,en,2204,719
https://en.wikipedia.org/wiki/Nathalie_Filomena,en,2223,725
https://en.wikipedia.org/wiki/Kira_Walkenhorst,en,2262,738
https://en.wikipedia.org/wiki/Mineirinho,en,2270,741
https://en.wikipedia.org/wiki/Raquel_Silva,en,2280,744
https://en.wikipedia.org/wiki/Tifanny_Abreu,en,2295,749
https://en.wikipedia.org/wiki/Fernando_Kreling,en,2298,750
https://en.wikipedia.org/wiki/Katie_Holloway_Bridge,en,2299,750
https://en.wikipedia.org/wiki/Brankica_Mihajlović,en,2315,755
https://en.wikipedia.org/wiki/Taliqua_Clancy,en,2334,762
https://en.wikipedia.org/wiki/Jaline_Prado,en,2340,763
https://en.wikipedia.org/wiki/Louise_Bawden,en,2351,767
https://en.wikipedia.org/wiki/Nataša_Osmokrović,en,2353,768
https://en.wikipedia.org/wiki/Francesca_Piccinini,en,2361,770
https://en.wikipedia.org/wiki/Robert_Täht,en,2383,778
https://en.wikipedia.org/wiki/Antonella_Del_Core,en,2384,778
https://en.wikipedia.org/wiki/Jelena_Nikolić,en,2394,781
https://en.wikipedia.org/wiki/Eleonora_Lo_Bianco,en,2408,786
https://en.wikipedia.org/wiki/Hui_Ruoqi,en,2417,789
https://en.wikipedia.org/wiki/Brazil_women's_national_under-23_volleyball_team,en,2422,790
https://en.wikipedia.org/wiki/Volleyball_at_the_2016_Summer_Olympics_–_Women's_African_qualification,en,2423,791
https://en.wikipedia.org/wiki/Monica_De_Gennaro,en,2428,792
https://en.wikipedia.org/wiki/Maxwell_Holt,en,2429,793
https://en.wikipedia.org/wiki/Léia_Silva,en,2433,794
https://es.wikipedia.org/wiki/Campeonato_Mundial_de_Voleibol_Femenino_Sub-18_de_1989,es,261,799
https://en.wikipedia.org/wiki/Ivna_Marra,en,2502,816
https://en.wikipedia.org/wiki/Kelly_Murphy_(volleyball),en,2503,817
https://en.wikipedia.org/wiki/Volleyball_at_the_2021_Summer_Deaflympics,en,2550,832
https://es.wikipedia.org/wiki/Vera_Trezoitko,es,272,833
https://en.wikipedia.org/wiki/Brazil_men's_national_under-23_volleyball_team,en,2564,837
https://en.wikipedia.org/wiki/2017_Men's_South_American_Volleyball_Club_Championship,en,2577,841
https://es.wikipedia.org/wiki/Campeonato_Sudamericano_de_Voleibol_Femenino_de_1951,es,276,845
https://en.wikipedia.org/wiki/Serviço_Social_da_Indústria-SP_(men's_volleyball),en,2644,863
https://en.wikipedia.org/wiki/Neriman_Özsoy,en,2648,864
https://en.wikipedia.org/wiki/2009_Women's_South_American_Volleyball_Championship,en,2661,868
https://en.wikipedia.org/wiki/Robertlandy_Simón,en,2672,872
https://en.wikipedia.org/wiki/Thomas_Jaeschke,en,2699,881
https://en.wikipedia.org/wiki/Ding_Xia,en,2721,888
https://en.wikipedia.org/wiki/Minas_Gerais_Volleyball_Championship,en,2743,895
https://en.wikipedia.org/wiki/Kayla_Banwarth,en,2747,896
https://en.wikipedia.org/wiki/Valeska_Menezes,en,2760,901
https://en.wikipedia.org/wiki/Regiane_Bidias,en,2768,903
https://en.wikipedia.org/wiki/Juciely_Cristina_Barreto,en,2780,907
https://en.wikipedia.org/wiki/Milad_Ebadipour,en,2819,920
https://en.wikipedia.org/wiki/Anjinho_Bacil,en,2828,923
https://en.wikipedia.org/wiki/Ericleia_Bodziak,en,2840,927
https://en.wikipedia.org/wiki/Roni_Jones-Perry,en,2852,931
https://en.wikipedia.org/wiki/Serviço_Social_da_Indústria-SP_(women's_volleyball),en,2912,950
https://en.wikipedia.org/wiki/Gina_Mambrú,en,2946,961
https://en.wikipedia.org/wiki/Lucas_Lóh,en,2964,967
https://en.wikipedia.org/wiki/Saori_Kimura,en,3034,990
https://en.wikipedia.org/wiki/Karol_Kłos,en,3059,998
https://en.wikipedia.org/wiki/Erika_Araki,en,3099,1011
https://en.wikipedia.org/wiki/William_Arjona,en,3108,1014
https://en.wikipedia.org/wiki/Jake_Gibb,en,3110,1015
https://es.wikipedia.org/wiki/Lilian_Ferreira,es,332,1016
https://en.wikipedia.org/wiki/Luciano_De_Cecco,en,3122,1019
https://en.wikipedia.org/wiki/Tatiana_Kosheleva,en,3139,1024
https://en.wikipedia.org/wiki/Laura_Ludwig,en,3146,1027
https://en.wikipedia.org/wiki/Volleyball_at_the_2016_Summer_Olympics_–_Men's_African_qualification,en,3149,1028
https://en.wikipedia.org/wiki/Brazilian_Volleyball_Super_League_(Men),en,3159,1031
https://en.wikipedia.org/wiki/Leites_Nestlé,en,3172,1035
https://es.wikipedia.org/wiki/Moisés_Cezar_Dos_Santos,es,339,1038
https://en.wikipedia.org/wiki/Fernanda_Ferreira_(volleyball),en,3185,1039
https://en.wikipedia.org/wiki/Amir_Ghafour,en,3193,1042
https://en.wikipedia.org/wiki/2014_Women's_South_American_Volleyball_Club_Championship,en,3206,1046
https://en.wikipedia.org/wiki/Pedro_Solberg,en,3267,1066
https://en.wikipedia.org/wiki/Hilma_Caldeira,en,3285,1072
https://es.wikipedia.org/wiki/Salvatore_Rossini,es,351,1075
https://en.wikipedia.org/wiki/Brazil_women's_national_under-19_volleyball_team,en,3321,1084
https://en.wikipedia.org/wiki/Elisângela_Oliveira,en,3360,1096
https://en.wikipedia.org/wiki/Fabian_Drzyzga,en,3405,1111
https://en.wikipedia.org/wiki/Sean_Rooney_(volleyball),en,3423,1117
https://en.wikipedia.org/wiki/Ingrid_Visser_(volleyball),en,3429,1119
https://en.wikipedia.org/wiki/María_Marín,en,3511,1146
https://en.wikipedia.org/wiki/Irina_Kirillova,en,3565,1163
https://en.wikipedia.org/wiki/Volleyball_at_the_2007_Pan_American_Games_–_Men's_team_rosters,en,3589,1171
https://en.wikipedia.org/wiki/Brazil_men's_national_under-19_volleyball_team,en,3599,1175
https://en.wikipedia.org/wiki/Jeoselyna_Rodríguez,en,3620,1181
https://es.wikipedia.org/wiki/Julia_Kudiess,es,386,1182
https://en.wikipedia.org/wiki/Richard_Lambourne,en,3643,1189
https://en.wikipedia.org/wiki/Brazil_men's_national_under-21_volleyball_team,en,3718,1213
https://en.wikipedia.org/wiki/Nataliya_Goncharova_(volleyball),en,3787,1236
https://en.wikipedia.org/wiki/Ana_Beatriz_Corrêa,en,3790,1237
https://en.wikipedia.org/wiki/Camila_Brait,en,3806,1242
https://en.wikipedia.org/wiki/Gustavo_Bonatto,en,3834,1251
https://en.wikipedia.org/wiki/Karin_Rodrigues,en,3840,1253
https://en.wikipedia.org/wiki/Brazil_women's_national_under-21_volleyball_team,en,3838,1253
https://en.wikipedia.org/wiki/Éder_Carbonera,en,3875,1265
https://en.wikipedia.org/wiki/Nada_Meawad,en,3880,1266
https://en.wikipedia.org/wiki/Evandro_Guerra,en,3894,1271
https://es.wikipedia.org/wiki/Serguéi_Tetiujin,es,423,1295
https://en.wikipedia.org/wiki/1995_FIVB_Volleyball_World_League,en,4075,1330
https://en.wikipedia.org/wiki/Ana_Ida_Alvares,en,4134,1349
https://en.wikipedia.org/wiki/Ana_Paula_Connelly,en,4136,1350
https://en.wikipedia.org/wiki/Thiago_Soares_Alves,en,4200,1371
https://en.wikipedia.org/wiki/Volleyball_at_the_2007_Pan_American_Games,en,4204,1372
https://en.wikipedia.org/wiki/Sidão_(volleyball),en,4251,1387
https://en.wikipedia.org/wiki/Yoandy_Leal,en,4250,1387
https://en.wikipedia.org/wiki/1993_FIVB_Volleyball_World_League,en,4272,1394
https://en.wikipedia.org/wiki/Roberta_Ratzke,en,4300,1403
https://es.wikipedia.org/wiki/Antonin_Rouzier,es,463,1418
https://en.wikipedia.org/wiki/Silvija_Popović,en,4353,1421
https://en.wikipedia.org/wiki/Maxim_Mikhaylov,en,4355,1421
https://en.wikipedia.org/wiki/Júlia_Bergmann,en,4365,1425
https://es.wikipedia.org/wiki/Zilda_Ulbrich,es,469,1436
https://en.wikipedia.org/wiki/Brook_Billings,en,4421,1443
https://en.wikipedia.org/wiki/Jorge_Edson,en,4539,1481
https://es.wikipedia.org/wiki/Yeum_Hye-seon,es,490,1500
https://en.wikipedia.org/wiki/Virna_Dias,en,4602,1502
https://en.wikipedia.org/wiki/Volleyball_at_the_2016_Summer_Olympics_–_Women's_European_qualification,en,4615,1506
https://en.wikipedia.org/wiki/Beach_volleyball_at_the_2016_Summer_Olympics_–_Women's_qualification,en,4630,1511
https://en.wikipedia.org/wiki/Marcelo_Negrão,en,4718,1540
https://en.wikipedia.org/wiki/Tayyiba_Haneef-Park,en,4733,1545
https://en.wikipedia.org/wiki/Farmasi_Arena,en,4759,1553
https://en.wikipedia.org/wiki/Cynthia_Barboza,en,4801,1567
https://en.wikipedia.org/wiki/Tandara_Caixeta,en,4824,1574
https://en.wikipedia.org/wiki/Piotr_Nowakowski,en,4994,1630
https://en.wikipedia.org/wiki/Anderson_Rodrigues_(volleyball),en,5048,1648
https://en.wikipedia.org/wiki/2015_FIVB_Volleyball_Men's_Club_World_Championship,en,5079,1658
https://en.wikipedia.org/wiki/Volleyball_at_the_2016_Summer_Olympics_–_Men's_European_qualification,en,5139,1677
https://en.wikipedia.org/wiki/John_Gordon_Perrin,en,5284,1725
https://es.wikipedia.org/wiki/Luca_Vettori,es,564,1727
https://es.wikipedia.org/wiki/Rio_de_Janeiro_Vôlei_Clube_(voleibol_masculino),es,566,1733
https://en.wikipedia.org/wiki/Mohammad_Mousavi_(volleyball),en,5315,1735
https://es.wikipedia.org/wiki/Paweł_Zatorski,es,571,1748
https://en.wikipedia.org/wiki/Katarzyna_Skowrońska-Dolata,en,5418,1768
https://en.wikipedia.org/wiki/2019_FIVB_Volleyball_Men's_Club_World_Championship,en,5443,1777
https://en.wikipedia.org/wiki/2002_FIVB_Volleyball_World_League,en,5499,1795
https://en.wikipedia.org/wiki/Áurea_Cruz,en,5504,1796
https://en.wikipedia.org/wiki/Saeid_Marouf,en,5652,1845
https://en.wikipedia.org/wiki/Taylor_Sander,en,5669,1850
https://en.wikipedia.org/wiki/Regla_Bell,en,5677,1853
https://en.wikipedia.org/wiki/Vladimir_Grbić,en,5904,1927
https://en.wikipedia.org/wiki/Volleyball_at_the_2016_Summer_Olympics_–_Women's_European_qualification_squads,en,5914,1930
https://en.wikipedia.org/wiki/2014_FIVB_Volleyball_Men's_Club_World_Championship,en,6072,1982
https://en.wikipedia.org/wiki/Nancy_Metcalf,en,6174,2015
https://en.wikipedia.org/wiki/2013_FIVB_Volleyball_Men's_Club_World_Championship,en,6193,2021
https://en.wikipedia.org/wiki/Érika_Coimbra,en,6202,2024
https://en.wikipedia.org/wiki/Yumilka_Ruiz,en,6277,2049
https://es.wikipedia.org/wiki/Mariana_Brambilla,es,673,2061
https://en.wikipedia.org/wiki/Rosir_Calderón,en,6477,2114
https://en.wikipedia.org/wiki/Volleyball_at_the_2016_Summer_Olympics_–_Men's_European_qualification_squads,en,6482,2116
https://en.wikipedia.org/wiki/Kimberly_Hill,en,6511,2125
https://en.wikipedia.org/wiki/2021_FIVB_Volleyball_Men's_Club_World_Championship,en,6519,2128
https://en.wikipedia.org/wiki/Michał_Kubiak,en,6613,2159
https://en.wikipedia.org/wiki/Wélissa_Gonzaga,en,6710,2190
https://en.wikipedia.org/wiki/José_Loiola,en,6930,2262
https://en.wikipedia.org/wiki/Anne_Buijs,en,7006,2287
https://en.wikipedia.org/wiki/Maurício_Lima,en,7122,2325
https://en.wikipedia.org/wiki/Renan_Dal_Zotto,en,7140,2331
https://en.wikipedia.org/wiki/2016_FIVB_Volleyball_Men's_Club_World_Championship,en,7216,2355
https://en.wikipedia.org/wiki/Bernard_Rajzman,en,7270,2373
https://en.wikipedia.org/wiki/Phil_Dalhausser,en,7317,2388
https://es.wikipedia.org/wiki/Isaura_Marly_Gama_Álvarez,es,783,2398
https://en.wikipedia.org/wiki/1977_FIVB_Volleyball_Women's_U20_World_Championship,en,7472,2439
https://es.wikipedia.org/wiki/Ivan_Zaitsev,es,802,2456
https://en.wikipedia.org/wiki/Kim_Glass,en,7573,2472
https://es.wikipedia.org/wiki/Campeonato_Sudamericano_de_Voleibol_Masculino_de_2021,es,808,2474
https://en.wikipedia.org/wiki/2024_Boys'_U19_South_American_Volleyball_Championship,en,7648,2496
https://en.wikipedia.org/wiki/2013_FIVB_Volleyball_Men's_U23_World_Championship,en,7804,2547
https://en.wikipedia.org/wiki/Volleyball_at_the_2016_Summer_Olympics_–_Men's_team_rosters,en,7924,2587
https://en.wikipedia.org/wiki/Lucas_Saatkamp,en,8004,2613
https://en.wikipedia.org/wiki/Fabíola_de_Souza,en,8144,2658
https://en.wikipedia.org/wiki/Fabiana_Alvim,en,8364,2730
https://en.wikipedia.org/wiki/Christa_Harmotto,en,8481,2768
https://en.wikipedia.org/wiki/Yoana_Palacio,en,8530,2784
https://en.wikipedia.org/wiki/Kenny_Moreno,en,8561,2795
https://en.wikipedia.org/wiki/1994_FIVB_Women's_Volleyball_World_Championship,en,8638,2820
https://en.wikipedia.org/wiki/Bethania_de_la_Cruz,en,8649,2823
https://es.wikipedia.org/wiki/Martín_Ramos,es,923,2827
https://en.wikipedia.org/wiki/Zé_Roberto_(volleyball),en,8775,2864
https://en.wikipedia.org/wiki/Carolina_Albuquerque,en,8869,2895
https://en.wikipedia.org/wiki/David_Lee_(volleyball),en,8968,2927
https://en.wikipedia.org/wiki/Graciela_Márquez,en,8982,2932
https://es.wikipedia.org/wiki/Luzia_Nezzo,es,965,2955
https://en.wikipedia.org/wiki/Volleyball_at_the_2016_Summer_Olympics_–_Women's_team_rosters,en,9145,2985
https://en.wikipedia.org/wiki/Bartosz_Kurek,en,9171,2994
https://en.wikipedia.org/wiki/Maurício_Souza_(volleyball),en,9765,3188
https://en.wikipedia.org/wiki/Ana_Moser,en,9792,3196
https://en.wikipedia.org/wiki/André_Heller_(volleyball),en,9995,3263
https://en.wikipedia.org/wiki/Courtney_Thompson,en,10031,3274
https://en.wikipedia.org/wiki/Alisha_Glass,en,10076,3289
https://en.wikipedia.org/wiki/Prisilla_Rivera,en,10267,3352
https://en.wikipedia.org/wiki/Alix_Klineman,en,10403,3396
https://es.wikipedia.org/wiki/Milena_Rašić,es,1118,3424
https://es.wikipedia.org/wiki/Campeonato_Sudamericano_de_Voleibol_Masculino_Sub-21_de_2002,es,1147,3513
https://en.wikipedia.org/wiki/2024_Girls'_U19_South_American_Volleyball_Championship,en,10818,3531
https://en.wikipedia.org/wiki/Ana_Carolina_da_Silva,en,10860,3545
https://en.wikipedia.org/wiki/Rodrigão,en,10904,3560
https://en.wikipedia.org/wiki/2022_FIVB_Volleyball_Men's_Club_World_Championship,en,11098,3623
https://es.wikipedia.org/wiki/Preolímpico_Sudamericano_de_Voleibol_Femenino_2012,es,1189,3641
https://en.wikipedia.org/wiki/Annerys_Vargas,en,11480,3748
https://en.wikipedia.org/wiki/Leila_Barros,en,11610,3790
https://en.wikipedia.org/wiki/Héctor_Soto,en,11627,3796
https://en.wikipedia.org/wiki/Milagros_Cabral,en,11683,3814
https://en.wikipedia.org/wiki/Carol_Gattaz,en,11916,3890
https://en.wikipedia.org/wiki/Marcelo_Elgarten,en,11946,3900
https://en.wikipedia.org/wiki/Ricardo_Garcia_(volleyball),en,11990,3914
https://en.wikipedia.org/wiki/Fernanda_Venturini,en,12100,3950
https://es.wikipedia.org/wiki/Maria_Angélica_Beraldo,es,1328,4067
https://en.wikipedia.org/wiki/Jordan_Larson,en,13423,4382
https://en.wikipedia.org/wiki/Luiz_Felipe_Fonteles,en,13440,4387
https://en.wikipedia.org/wiki/Volleyball_at_the_2016_Summer_Olympics_–_Women's_qualification,en,14043,4584
https://en.wikipedia.org/wiki/Volleyball_at_the_2016_Summer_Olympics_–_Men's_qualification,en,14348,4684
https://en.wikipedia.org/wiki/Lynda_Morales,en,14620,4773
https://en.wikipedia.org/wiki/Brazilian_Women's_Volleyball_Superliga_2020–21,en,14696,4798
https://en.wikipedia.org/wiki/1960_FIVB_Women's_Volleyball_World_Championship,en,14698,4798
https://es.wikipedia.org/wiki/Daniela_da_Silva,es,1571,4811
https://en.wikipedia.org/wiki/Alaina_Bergsma,en,14956,4882
https://en.wikipedia.org/wiki/Paula_Pequeno,en,15120,4936
https://es.wikipedia.org/wiki/Campeonato_Sudamericano_de_Voleibol_Masculino_Sub-17_de_2013,es,1672,5121
https://en.wikipedia.org/wiki/2015_FIVB_Volleyball_Women's_World_Cup,en,16701,5452
https://en.wikipedia.org/wiki/2015_FIVB_Volleyball_Men's_World_Cup,en,17407,5683
https://es.wikipedia.org/wiki/Serie_A_de_la_Superliga_Brasilera_de_Voleibol_Masculino,es,1883,5767
https://en.wikipedia.org/wiki/2023_FIVB_Volleyball_Men's_Olympic_Qualification_Tournaments,en,19352,6318
https://en.wikipedia.org/wiki/Marianne_Steinbrecher,en,21528,7028
https://es.wikipedia.org/wiki/Lee_Da-yeong,es,2356,7216
https://en.wikipedia.org/wiki/Bebeto_de_Freitas,en,22692,7408
https://es.wikipedia.org/wiki/Anexo:Voleibol_en_los_Juegos_Olímpicos_de_Río_de_Janeiro_2016,es,2421,7415
https://es.wikipedia.org/wiki/Anexo:Vóley_playa_en_los_Juegos_Olímpicos_de_Río_de_Janeiro_2016,es,2462,7540
https://en.wikipedia.org/wiki/Kerri_Walsh_Jennings,en,23619,7711
https://en.wikipedia.org/wiki/April_Ross,en,23960,7822
https://en.wikipedia.org/wiki/Sarah_Pavan,en,24326,7942
https://en.wikipedia.org/wiki/Fernanda_Garay,en,24384,7961
https://es.wikipedia.org/wiki/Campeonato_Sudamericano_de_Voleibol_Masculino_Sub-21_de_2008,es,2632,8061
https://es.wikipedia.org/wiki/Campeonato_Sudamericano_de_Voleibol_Masculino_Sub-21_de_2006,es,2635,8070
https://en.wikipedia.org/wiki/Nicole_Fawcett,en,25385,8287
https://en.wikipedia.org/wiki/Karen_Cope,en,25702,8391
https://en.wikipedia.org/wiki/Volleyball_at_the_2016_Summer_Olympics,en,26590,8681
https://en.wikipedia.org/wiki/Logan_Tom,en,28041,9155
https://es.wikipedia.org/wiki/Campeonato_Sudamericano_de_Clubes_de_Voleibol_Femenino_2024,es,3206,9819
https://es.wikipedia.org/wiki/Campeonato_Mundial_de_Voleibol_Femenino_Sub-20_de_1993,es,3243,9933
https://en.wikipedia.org/wiki/2015_FIVB_Volleyball_Women's_World_Cup_squads,en,32396,10576
https://en.wikipedia.org/wiki/2015_FIVB_Volleyball_Men's_World_Cup_squads,en,33832,11045
https://es.wikipedia.org/wiki/Campeonato_Sudamericano_de_Clubes_de_Voleibol_Masculino_de_2020,es,3634,11130
https://en.wikipedia.org/wiki/Sheilla_Castro,en,36186,11814
https://en.wikipedia.org/wiki/2018_FIVB_Men's_Volleyball_Nations_League,en,40557,13241
https://en.wikipedia.org/wiki/Fabiana_Claudino,en,40668,13277
https://es.wikipedia.org/wiki/Campeonato_Sudamericano_de_Clubes_de_Voleibol_Femenino_2023,es,4379,13412
https://es.wikipedia.org/wiki/Campeonato_Sudamericano_de_Clubes_de_Voleibol_Femenino_2022,es,4622,14156
https://en.wikipedia.org/wiki/Marta_Menegatti,en,43627,14243
https://en.wikipedia.org/wiki/2017_FIVB_Volleyball_World_League,en,44592,14558
https://en.wikipedia.org/wiki/Danielle_Scott-Arruda,en,48682,15894
https://en.wikipedia.org/wiki/Fofão_(volleyball_player),en,52528,17149
https://en.wikipedia.org/wiki/Foluke_Gunderson,en,54590,17822
